--
-- PostgreSQL database dump
--

\restrict qlWSDpjn1vt3g1tYjeKbCEOVpXlm7YclQj2CL4psULt9xHXj8aFduJJ6uIw45N7

-- Dumped from database version 16.11 (Debian 16.11-1.pgdg13+1)
-- Dumped by pg_dump version 16.11 (Debian 16.11-1.pgdg13+1)

SET statement_timeout = 0;
SET lock_timeout = 0;
SET idle_in_transaction_session_timeout = 0;
SET client_encoding = 'UTF8';
SET standard_conforming_strings = on;
SELECT pg_catalog.set_config('search_path', '', false);
SET check_function_bodies = false;
SET xmloption = content;
SET client_min_messages = warning;
SET row_security = off;

SET default_tablespace = '';

SET default_table_access_method = heap;

--
-- Name: analysis_keywords; Type: TABLE; Schema: public; Owner: postgres
--

CREATE TABLE public.analysis_keywords (
    result_id bigint NOT NULL,
    keyword character varying(100)
);


ALTER TABLE public.analysis_keywords OWNER TO postgres;

--
-- Name: analysis_result; Type: TABLE; Schema: public; Owner: postgres
--

CREATE TABLE public.analysis_result (
    result_id bigint NOT NULL,
    created_at timestamp(6) without time zone,
    processed_at timestamp(6) without time zone,
    sentiment character varying(20),
    summary text,
    trend_score double precision,
    article_id bigint NOT NULL,
    CONSTRAINT analysis_result_sentiment_check CHECK (((sentiment)::text = ANY ((ARRAY['POSITIVE'::character varying, 'NEUTRAL'::character varying, 'NEGATIVE'::character varying, 'HOPEFUL'::character varying, 'ANXIOUS'::character varying])::text[])))
);


ALTER TABLE public.analysis_result OWNER TO postgres;

--
-- Name: analysis_result_result_id_seq; Type: SEQUENCE; Schema: public; Owner: postgres
--

ALTER TABLE public.analysis_result ALTER COLUMN result_id ADD GENERATED BY DEFAULT AS IDENTITY (
    SEQUENCE NAME public.analysis_result_result_id_seq
    START WITH 1
    INCREMENT BY 1
    NO MINVALUE
    NO MAXVALUE
    CACHE 1
);


--
-- Name: article; Type: TABLE; Schema: public; Owner: postgres
--

CREATE TABLE public.article (
    article_id bigint NOT NULL,
    author character varying(255),
    category character varying(20) NOT NULL,
    content text,
    created_at timestamp(6) without time zone,
    ingest_status character varying(16) NOT NULL,
    published_at timestamp(6) without time zone,
    source character varying(255),
    title character varying(255) NOT NULL,
    updated_at timestamp(6) without time zone,
    url character varying(255) NOT NULL,
    view_count bigint DEFAULT 0 NOT NULL,
    image_url character varying(255),
    CONSTRAINT article_category_check CHECK (((category)::text = ANY ((ARRAY['POLITICS'::character varying, 'ECONOMY'::character varying, 'SOCIETY'::character varying, 'CULTURE'::character varying, 'IT'::character varying, 'SPORTS'::character varying, 'ENTERTAINMENT'::character varying, 'ETC'::character varying])::text[]))),
    CONSTRAINT article_ingest_status_check CHECK (((ingest_status)::text = ANY ((ARRAY['PENDING'::character varying, 'ANALYZED'::character varying, 'FAILED'::character varying])::text[])))
);


ALTER TABLE public.article OWNER TO postgres;

--
-- Name: article_article_id_seq; Type: SEQUENCE; Schema: public; Owner: postgres
--

ALTER TABLE public.article ALTER COLUMN article_id ADD GENERATED BY DEFAULT AS IDENTITY (
    SEQUENCE NAME public.article_article_id_seq
    START WITH 1
    INCREMENT BY 1
    NO MINVALUE
    NO MAXVALUE
    CACHE 1
);


--
-- Name: user_like; Type: TABLE; Schema: public; Owner: postgres
--

CREATE TABLE public.user_like (
    like_id bigint NOT NULL,
    article_article_id bigint NOT NULL,
    user_user_id bigint NOT NULL
);


ALTER TABLE public.user_like OWNER TO postgres;

--
-- Name: user_like_like_id_seq; Type: SEQUENCE; Schema: public; Owner: postgres
--

ALTER TABLE public.user_like ALTER COLUMN like_id ADD GENERATED BY DEFAULT AS IDENTITY (
    SEQUENCE NAME public.user_like_like_id_seq
    START WITH 1
    INCREMENT BY 1
    NO MINVALUE
    NO MAXVALUE
    CACHE 1
);


--
-- Name: user_read; Type: TABLE; Schema: public; Owner: postgres
--

CREATE TABLE public.user_read (
    read_id bigint NOT NULL,
    article_article_id bigint NOT NULL,
    user_user_id bigint NOT NULL,
    read_date date NOT NULL
);


ALTER TABLE public.user_read OWNER TO postgres;

--
-- Name: user_read_read_id_seq; Type: SEQUENCE; Schema: public; Owner: postgres
--

ALTER TABLE public.user_read ALTER COLUMN read_id ADD GENERATED BY DEFAULT AS IDENTITY (
    SEQUENCE NAME public.user_read_read_id_seq
    START WITH 1
    INCREMENT BY 1
    NO MINVALUE
    NO MAXVALUE
    CACHE 1
);


--
-- Name: users; Type: TABLE; Schema: public; Owner: postgres
--

CREATE TABLE public.users (
    user_id bigint NOT NULL,
    email character varying(255) NOT NULL,
    nickname character varying(255) NOT NULL,
    password_hash character varying(255) NOT NULL,
    role character varying(255) NOT NULL
);


ALTER TABLE public.users OWNER TO postgres;

--
-- Name: users_user_id_seq; Type: SEQUENCE; Schema: public; Owner: postgres
--

ALTER TABLE public.users ALTER COLUMN user_id ADD GENERATED BY DEFAULT AS IDENTITY (
    SEQUENCE NAME public.users_user_id_seq
    START WITH 1
    INCREMENT BY 1
    NO MINVALUE
    NO MAXVALUE
    CACHE 1
);


--
-- Data for Name: analysis_keywords; Type: TABLE DATA; Schema: public; Owner: postgres
--

COPY public.analysis_keywords (result_id, keyword) FROM stdin;
3	기후 변화
3	특별법
3	탄소중립
3	국회 논쟁
4	AI 요약
4	자연어 처리
4	스타트업
4	뉴스 추천
\.


--
-- Data for Name: analysis_result; Type: TABLE DATA; Schema: public; Owner: postgres
--

COPY public.analysis_result (result_id, created_at, processed_at, sentiment, summary, trend_score, article_id) FROM stdin;
3	\N	2025-11-14 09:05:00	NEGATIVE	여야 간 기후위기 대응 특별법을 둘러싼 갈등이 커지고 있으며, 규제 강화에 대한 산업계 우려와 정책 조정 필요성이 제기되고 있다.	0.73	1
4	\N	2025-11-14 11:25:00	POSITIVE	새로운 초경량 뉴스 요약 AI 기술이 공개되었으며, 적은 연산량으로도 높은 분석 효율을 제공해 업계에서 긍정적인 평가를 받고 있다.	0.82	9
\.


--
-- Data for Name: article; Type: TABLE DATA; Schema: public; Owner: postgres
--

COPY public.article (article_id, author, category, content, created_at, ingest_status, published_at, source, title, updated_at, url, view_count, image_url) FROM stdin;
2	이서현	ECONOMY	최근 소비 심리가 위축되고 있음에도 불구하고, 국내 주요 기업들의 IT·클라우드 투자는 오히려 증가하고 있다. 특히 데이터 분석과 자동화를 위한 인프라 투자 비중이 커지면서, 제조·유통·금융 등 전 산업에서 디지털 전환 속도가 빨라지고 있다는 분석이 나온다.	\N	PENDING	2025-11-10 10:30:00	경제타임즈	소비 둔화 속에서도 IT 투자 증가…기업들 “디지털 전환은 선택 아닌 필수”	\N	https://dummy.neusis.local/news/economy-1	0	\N
5	장연우	IT	국내 한 스타트업이 대규모 뉴스 데이터를 수집·분석해 사용자 맞춤형으로 요약해 주는 서비스를 출시했다. 이 서비스는 사용자의 관심 분야와 읽기 패턴을 바탕으로, 중복된 기사를 제거하고 핵심만 추린 요약을 제공하는 것이 특징이다.	\N	PENDING	2025-11-10 14:20:00	테크인사이트	국내 스타트업, 뉴스 데이터 분석 기반 맞춤형 요약 서비스 선보여	\N	https://dummy.neusis.local/news/it-1	0	\N
8	정해린	ETC	전국 단위 이슈 중심의 뉴스 소비 패턴 속에서도, 동네 행사와 생활 정보를 다루는 로컬 커뮤니티 뉴스 서비스가 다시 주목받고 있다. 특히 소상공인 정보, 공공기관 공지, 생활 인프라 변화 등 생활 밀착형 콘텐츠에 대한 수요가 높다.	\N	PENDING	2025-11-10 17:30:00	로컬피플	지역 기반 커뮤니티 뉴스 서비스, 다시 주목받는 로컬 미디어	\N	https://dummy.neusis.local/news/etc-1	3	\N
4	최은영	CULTURE	코로나19 이후 급격히 성장한 온라인 전시 플랫폼이 이제는 하나의 문화 소비 채널로 자리 잡고 있다. 3D 가상 전시관과 실시간 채팅 기능을 통해, 관람객은 공간 제약 없이 작품을 감상하고 작가와 직접 소통할 수 있게 됐다.	\N	PENDING	2025-11-10 13:00:00	컬처오늘	온라인 전시 플랫폼 확산…작가와 관람객의 거리 더 좁아져	\N	https://dummy.neusis.local/news/culture-1	1	\N
3	박지훈	SOCIETY	최근 한 취업 플랫폼 설문 조사 결과, MZ 세대 구직자들은 기업을 선택할 때 연봉보다 ‘성장할 수 있는 환경’과 ‘유연한 조직 문화’를 더 중요하게 생각하는 것으로 나타났다. 특히 개발자·데이터 직군에서 이러한 경향이 두드러졌다.	\N	PENDING	2025-11-10 11:15:00	한국사회뉴스	MZ 세대, 기업 선택 기준으로 “연봉보다 성장 환경” 꼽아	\N	https://dummy.neusis.local/news/society-1	1	\N
7	김나영	ENTERTAINMENT	AI 보컬 합성 기술이 상용화되면서, 음악 산업 전반이 새로운 변화를 맞고 있다. 일부 제작사는 가이드 데모 제작과 보컬 보정에 적극 활용하고 있으나, 일각에서는 아티스트의 초상권과 저작권 문제가 충분히 논의되지 않았다는 지적도 나온다.	\N	PENDING	2025-11-10 16:00:00	엔터뉴스	AI 보컬 합성 기술, 음악 산업에 새로운 기회와 논쟁 동시에 가져와	\N	https://dummy.neusis.local/news/entertainment-1	1	\N
6	오준호	SPORTS	올 시즌 프로야구 구단들이 투수 운용에 데이터 분석을 적극 도입하고 있다. 상대 타자의 구종별 약점과 경기 흐름 데이터를 실시간으로 반영해 불펜 투수 교체 타이밍을 결정하는 사례가 늘고 있다.	\N	PENDING	2025-11-10 15:10:00	스포츠포커스	프로야구, 데이터 분석 기반 투수 운영 본격 도입	\N	https://dummy.neusis.local/news/sports-1	1	\N
1	김정민	POLITICS	국회에서 여야가 기후위기 대응을 위한 특별법 제정을 두고 치열한 논의를 이어가고 있다. 여당은 탄소중립 목표를 법제화해 기업의 예측 가능성을 높이겠다는 입장인 반면, 야당은 충분한 사회적 논의 없이 규제만 강화될 수 있다고 우려를 제기하고 있다.	\N	ANALYZED	2025-11-10 09:00:00	서울일보	여야, 기후위기 대응 특별법 처리 두고 공방	\N	https://dummy.neusis.local/news/politics-1	14	\N
9	박서연	IT	국내 한 AI 스타트업이 뉴스 기사를 실시간으로 분석해 핵심만 추출하는 초경량 뉴스 요약 AI 기술을 공개했다. 컴퓨팅 자원을 크게 줄이면서도 대규모 언어모델과 비슷한 정확도를 보여 업계의 관심을 끌고 있다. 전문가들은 개인 맞춤형 뉴스 추천 서비스 발전에 기여할 것으로 전망한다.	\N	ANALYZED	2025-11-14 11:20:00	테크인사이트	국내 스타트업, 초경량 뉴스 요약 AI 기술 공개	\N	https://dummy.neusis.local/articles/it-test-1	34	\N
\.


--
-- Data for Name: user_like; Type: TABLE DATA; Schema: public; Owner: postgres
--

COPY public.user_like (like_id, article_article_id, user_user_id) FROM stdin;
13	9	1
15	1	1
\.


--
-- Data for Name: user_read; Type: TABLE DATA; Schema: public; Owner: postgres
--

COPY public.user_read (read_id, article_article_id, user_user_id, read_date) FROM stdin;
1	9	1	2025-11-16
5	6	1	2025-11-16
6	4	1	2025-11-16
8	1	1	2025-11-16
2	9	1	2025-11-16
3	8	1	2025-11-16
4	7	1	2025-11-16
7	3	1	2025-11-16
9	9	1	2025-11-17
10	1	1	2025-11-17
11	8	1	2025-11-17
\.


--
-- Data for Name: users; Type: TABLE DATA; Schema: public; Owner: postgres
--

COPY public.users (user_id, email, nickname, password_hash, role) FROM stdin;
1	jangyw0927@naver.com	장연우	$2a$10$XuVcTJhJrm14v.N2oRPIh.ioH/bb19ovXMyCp9ZtfhreoErrOpqWq	USER
\.


--
-- Name: analysis_result_result_id_seq; Type: SEQUENCE SET; Schema: public; Owner: postgres
--

SELECT pg_catalog.setval('public.analysis_result_result_id_seq', 4, true);


--
-- Name: article_article_id_seq; Type: SEQUENCE SET; Schema: public; Owner: postgres
--

SELECT pg_catalog.setval('public.article_article_id_seq', 9, true);


--
-- Name: user_like_like_id_seq; Type: SEQUENCE SET; Schema: public; Owner: postgres
--

SELECT pg_catalog.setval('public.user_like_like_id_seq', 15, true);


--
-- Name: user_read_read_id_seq; Type: SEQUENCE SET; Schema: public; Owner: postgres
--

SELECT pg_catalog.setval('public.user_read_read_id_seq', 11, true);


--
-- Name: users_user_id_seq; Type: SEQUENCE SET; Schema: public; Owner: postgres
--

SELECT pg_catalog.setval('public.users_user_id_seq', 1, true);


--
-- Name: analysis_result analysis_result_pkey; Type: CONSTRAINT; Schema: public; Owner: postgres
--

ALTER TABLE ONLY public.analysis_result
    ADD CONSTRAINT analysis_result_pkey PRIMARY KEY (result_id);


--
-- Name: article article_pkey; Type: CONSTRAINT; Schema: public; Owner: postgres
--

ALTER TABLE ONLY public.article
    ADD CONSTRAINT article_pkey PRIMARY KEY (article_id);


--
-- Name: users uk6dotkott2kjsp8vw4d0m25fb7; Type: CONSTRAINT; Schema: public; Owner: postgres
--

ALTER TABLE ONLY public.users
    ADD CONSTRAINT uk6dotkott2kjsp8vw4d0m25fb7 UNIQUE (email);


--
-- Name: analysis_result uka3rmvgbo167gmp4muto1jhkg3; Type: CONSTRAINT; Schema: public; Owner: postgres
--

ALTER TABLE ONLY public.analysis_result
    ADD CONSTRAINT uka3rmvgbo167gmp4muto1jhkg3 UNIQUE (article_id);


--
-- Name: article ukla4e9l2g2otn85r9ih4btnmi; Type: CONSTRAINT; Schema: public; Owner: postgres
--

ALTER TABLE ONLY public.article
    ADD CONSTRAINT ukla4e9l2g2otn85r9ih4btnmi UNIQUE (url);


--
-- Name: user_like user_like_pkey; Type: CONSTRAINT; Schema: public; Owner: postgres
--

ALTER TABLE ONLY public.user_like
    ADD CONSTRAINT user_like_pkey PRIMARY KEY (like_id);


--
-- Name: user_read user_read_pkey; Type: CONSTRAINT; Schema: public; Owner: postgres
--

ALTER TABLE ONLY public.user_read
    ADD CONSTRAINT user_read_pkey PRIMARY KEY (read_id);


--
-- Name: users users_pkey; Type: CONSTRAINT; Schema: public; Owner: postgres
--

ALTER TABLE ONLY public.users
    ADD CONSTRAINT users_pkey PRIMARY KEY (user_id);


--
-- Name: analysis_result fk4cc5m6w7yhcugacksh70yawr2; Type: FK CONSTRAINT; Schema: public; Owner: postgres
--

ALTER TABLE ONLY public.analysis_result
    ADD CONSTRAINT fk4cc5m6w7yhcugacksh70yawr2 FOREIGN KEY (article_id) REFERENCES public.article(article_id);


--
-- Name: analysis_keywords fk8woueu97uv1q8948x00vvnuaf; Type: FK CONSTRAINT; Schema: public; Owner: postgres
--

ALTER TABLE ONLY public.analysis_keywords
    ADD CONSTRAINT fk8woueu97uv1q8948x00vvnuaf FOREIGN KEY (result_id) REFERENCES public.analysis_result(result_id);


--
-- Name: user_read fkjt6l12ve6jn1afmcqy5py1fw0; Type: FK CONSTRAINT; Schema: public; Owner: postgres
--

ALTER TABLE ONLY public.user_read
    ADD CONSTRAINT fkjt6l12ve6jn1afmcqy5py1fw0 FOREIGN KEY (article_article_id) REFERENCES public.article(article_id);


--
-- Name: user_like fkmkcgiyx03wdnhoqtqj1yh07oa; Type: FK CONSTRAINT; Schema: public; Owner: postgres
--

ALTER TABLE ONLY public.user_like
    ADD CONSTRAINT fkmkcgiyx03wdnhoqtqj1yh07oa FOREIGN KEY (user_user_id) REFERENCES public.users(user_id);


--
-- Name: user_read fkrmd6p0x2mckg445m4p60lsc58; Type: FK CONSTRAINT; Schema: public; Owner: postgres
--

ALTER TABLE ONLY public.user_read
    ADD CONSTRAINT fkrmd6p0x2mckg445m4p60lsc58 FOREIGN KEY (user_user_id) REFERENCES public.users(user_id);


--
-- Name: user_like fksgrlwnx9mxjw88ld7oun96ce6; Type: FK CONSTRAINT; Schema: public; Owner: postgres
--

ALTER TABLE ONLY public.user_like
    ADD CONSTRAINT fksgrlwnx9mxjw88ld7oun96ce6 FOREIGN KEY (article_article_id) REFERENCES public.article(article_id);


--
-- PostgreSQL database dump complete
--

\unrestrict qlWSDpjn1vt3g1tYjeKbCEOVpXlm7YclQj2CL4psULt9xHXj8aFduJJ6uIw45N7

